Title,Company,Language,Reward,Link
Python AI개발자,평행공간,python,합격보상금 100만원,https://www.wanted.co.kr/wd/219940
백엔드 엔지니어(파이썬) (3년 이상),블루밍비트,python,합격보상금 100만원,https://www.wanted.co.kr/wd/218010
파이썬 개발자 (1~3년),씨그로,python,합격보상금 100만원,https://www.wanted.co.kr/wd/220407
[1100억↑투자] 파이썬 백엔드 서버 개발자 (7년 이상),알스퀘어,python,합격보상금 100만원,https://www.wanted.co.kr/wd/219856
"백엔드 개발자 Node.js, Python/5년 이상",딥세일즈,python,합격보상금 100만원,https://www.wanted.co.kr/wd/211459
백엔드 엔지니어 (Python/Django),뮤즈라이브(Muzlive),python,합격보상금 100만원,https://www.wanted.co.kr/wd/18295
Python AI개발자  신입,평행공간,python,합격보상금 100만원,https://www.wanted.co.kr/wd/220044
[200억↑투자] 파이썬 개발자,쿼드마이너,python,합격보상금 100만원,https://www.wanted.co.kr/wd/191294
Python AI개발자,평행공간,python,합격보상금 100만원,https://www.wanted.co.kr/wd/219940
백엔드 엔지니어(파이썬) (3년 이상),블루밍비트,python,합격보상금 100만원,https://www.wanted.co.kr/wd/218010
파이썬 개발자 (1~3년),씨그로,python,합격보상금 100만원,https://www.wanted.co.kr/wd/220407
[1100억↑투자] 파이썬 백엔드 서버 개발자 (7년 이상),알스퀘어,python,합격보상금 100만원,https://www.wanted.co.kr/wd/219856
"백엔드 개발자 Node.js, Python/5년 이상",딥세일즈,python,합격보상금 100만원,https://www.wanted.co.kr/wd/211459
백엔드 엔지니어 (Python/Django),뮤즈라이브(Muzlive),python,합격보상금 100만원,https://www.wanted.co.kr/wd/18295
Python AI개발자  신입,평행공간,python,합격보상금 100만원,https://www.wanted.co.kr/wd/220044
[200억↑투자] 파이썬 개발자,쿼드마이너,python,합격보상금 100만원,https://www.wanted.co.kr/wd/191294
python 개발자(5년 이상),자이온아이티에스,python,합격보상금 100만원,https://www.wanted.co.kr/wd/213921
백엔드 엔지니어 (Python),엘리스,python,합격보상금 100만원,https://www.wanted.co.kr/wd/57878
"파이썬(Phyton, AWS) 개발자 (3년 이상)",오토패스,python,합격보상금 100만원,https://www.wanted.co.kr/wd/214645
"C#, C++, Python, IoT MCU(아두이노,RPi) 개발자",아이티로그,python,합격보상금 100만원,https://www.wanted.co.kr/wd/187186
파이썬 백엔드 개발자 / 2년이상(부산),크리스틴컴퍼니,python,합격보상금 100만원,https://www.wanted.co.kr/wd/220022
Python application & Algorithm 개발자,메디픽셀,python,합격보상금 100만원,https://www.wanted.co.kr/wd/190006
"[전문연구요원 가능] C/C++, Python 로봇 제어 개발자 (신입)",메디인테크,python,합격보상금 100만원,https://www.wanted.co.kr/wd/147487
"[전문연구요원 가능] C/C++, Python 로봇 제어 개발자",메디인테크,python,합격보상금 100만원,https://www.wanted.co.kr/wd/100407
Python Back-end Engineer,올거나이즈코리아(Allganize Korea),python,합격보상금 100만원,https://www.wanted.co.kr/wd/160068
[플레이오][신입] Python 백엔드 개발,지엔에이컴퍼니,python,합격보상금 100만원,https://www.wanted.co.kr/wd/193602
"파이썬 백엔드 개발자 (3년 이상 / Django, FastAPI)",데이터뱅크,python,합격보상금 100만원,https://www.wanted.co.kr/wd/79771
[200억↑투자] 서버 엔지니어 (Python),페이히어,python,합격보상금 100만원,https://www.wanted.co.kr/wd/215963
백엔드 엔지니어 (Python),버핏서울,python,합격보상금 100만원,https://www.wanted.co.kr/wd/197592
"[개발] SW엔지니어(JAVA, Python)",아이알큐더스,python,합격보상금 100만원,https://www.wanted.co.kr/wd/216972
"백엔드 개발자 (Python, Django)",솔루션퀀트,python,합격보상금 100만원,https://www.wanted.co.kr/wd/191575
이커머스 솔루션 Python Backend 개발자,샐러드랩,python,합격보상금 100만원,https://www.wanted.co.kr/wd/209397
파이썬(Python) 개발자,에잇퍼센트(8PERCENT),python,합격보상금 100만원,https://www.wanted.co.kr/wd/181863
파이썬 백엔드 개발자 / 2년이상(서울),크리스틴컴퍼니,python,합격보상금 100만원,https://www.wanted.co.kr/wd/220025
풀스택 웹 개발자 (Python/Django),웜블러드,python,합격보상금 100만원,https://www.wanted.co.kr/wd/142233
파이썬 백엔드 개발자 (Python Backend),아토머스(마인드카페),python,합격보상금 100만원,https://www.wanted.co.kr/wd/216562
[신입] 백엔드 엔지니어 (Python),엘리스,python,합격보상금 100만원,https://www.wanted.co.kr/wd/162405
"코박(Cobak) 백엔드 개발자[3년 이상] (Python, Django)",판도라티비,python,합격보상금 100만원,https://www.wanted.co.kr/wd/209286
파이썬 백엔드 개발자,투블럭에이아이,python,합격보상금 100만원,https://www.wanted.co.kr/wd/163255
"[200억↑투자] 백엔드 개발자 (Python, MSA)",페이타랩(패스오더),python,합격보상금 100만원,https://www.wanted.co.kr/wd/196993
Python 백엔드 개발자,패스트파이브,python,합격보상금 100만원,https://www.wanted.co.kr/wd/203425
"[200억↑투자] 백엔드 개발자 주니어 (Python, MSA)",페이타랩(패스오더),python,합격보상금 100만원,https://www.wanted.co.kr/wd/45650
백엔드 엔지니어 (Python),아이네블루메(채티),python,합격보상금 100만원,https://www.wanted.co.kr/wd/60926
"NestJS, Python 백엔드 개발자",씨에스엠17,python,합격보상금 100만원,https://www.wanted.co.kr/wd/218163
"백엔드 개발자 (Python, Django)",라프텔(Laftel),python,합격보상금 100만원,https://www.wanted.co.kr/wd/121823
Python Backend Engineer,에임(AIM),python,합격보상금 100만원,https://www.wanted.co.kr/wd/2447
파이썬 프로그램 개발자,뉴로다임,python,합격보상금 100만원,https://www.wanted.co.kr/wd/214944
글로벌팀 백엔드 엔지니어 (Python),엘리스,python,합격보상금 100만원,https://www.wanted.co.kr/wd/182859
명품이커머스 python 백엔드 개발자,비씨디코퍼레이션,python,합격보상금 100만원,https://www.wanted.co.kr/wd/211437
Python BackEnd Developer,에이젠글로벌,python,합격보상금 100만원,https://www.wanted.co.kr/wd/216606
[200억↑투자] 풀스택 엔지니어 (Web/Python/Django) (플랫폼팀),놀이의발견,python,합격보상금 100만원,https://www.wanted.co.kr/wd/215853
오픈업 데이터 엔지니어 (Python),핀다(FINDA),python,합격보상금 100만원,https://www.wanted.co.kr/wd/180080
[인텔리전스랩스] 선행프로덕트팀 백엔드 개발자 (Python/Go),넥슨코리아(NEXON),python,합격보상금 100만원,https://www.wanted.co.kr/wd/211877
[Python] Back-end Developer,단비교육,python,합격보상금 100만원,https://www.wanted.co.kr/wd/216881
[인텔리전스랩스] 소셜메이킹팀 백엔드 개발자 (Python),넥슨코리아(NEXON),python,합격보상금 100만원,https://www.wanted.co.kr/wd/205855
[인텔리전스랩스] MLOps팀 백엔드 개발자 (Python/Go),넥슨코리아(NEXON),python,합격보상금 100만원,https://www.wanted.co.kr/wd/151721
